{
  "annotations": {
    "list": [
      {
        "builtIn": 1,
        "datasource": {
          "type": "grafana",
          "uid": "-- Grafana --"
        },
        "enable": true,
        "hide": true,
        "iconColor": "rgba(0, 211, 255, 1)",
        "name": "Annotations & Alerts",
        "type": "dashboard"
      }
    ]
  },
  "editable": true,
  "fiscalYearStartMonth": 0,
  "graphTooltip": 0,
  "id": 2,
  "links": [],
  "panels": [
    {
      "datasource": {
        "type": "influxdb",
        "uid": "fejt2ykasra4ga"
      },
      "fieldConfig": {
        "defaults": {
          "color": {
            "mode": "palette-classic"
          },
          "custom": {
            "axisBorderShow": false,
            "axisCenteredZero": false,
            "axisColorMode": "text",
            "axisLabel": "",
            "axisPlacement": "auto",
            "barAlignment": 0,
            "barWidthFactor": 0.6,
            "drawStyle": "line",
            "fillOpacity": 0,
            "gradientMode": "none",
            "hideFrom": {
              "legend": false,
              "tooltip": false,
              "viz": false
            },
            "insertNulls": false,
            "lineInterpolation": "linear",
            "lineWidth": 1,
            "pointSize": 5,
            "scaleDistribution": {
              "type": "linear"
            },
            "showPoints": "auto",
            "spanNulls": false,
            "stacking": {
              "group": "A",
              "mode": "none"
            },
            "thresholdsStyle": {
              "mode": "off"
            }
          },
          "mappings": [],
          "thresholds": {
            "mode": "absolute",
            "steps": [
              {
                "color": "green"
              },
              {
                "color": "red",
                "value": 80
              }
            ]
          }
        },
        "overrides": [
          {
            "__systemRef": "hideSeriesFrom",
            "matcher": {
              "id": "byNames",
              "options": {
                "mode": "exclude",
                "names": [
                  "wave_measures.time_period"
                ],
                "prefix": "All except:",
                "readOnly": true
              }
            },
            "properties": [
              {
                "id": "custom.hideFrom",
                "value": {
                  "legend": false,
                  "tooltip": false,
                  "viz": true
                }
              }
            ]
          }
        ]
      },
      "gridPos": {
        "h": 8,
        "w": 12,
        "x": 0,
        "y": 0
      },
      "id": 1,
      "options": {
        "legend": {
          "calcs": [],
          "displayMode": "list",
          "placement": "bottom",
          "showLegend": true
        },
        "tooltip": {
          "hideZeros": false,
          "mode": "single",
          "sort": "none"
        }
      },
      "pluginVersion": "11.6.1",
      "targets": [
        {
          "datasource": {
            "type": "influxdb",
            "uid": "fejt2ykasra4ga"
          },
          "query": "SELECT \"wave_height\" FROM \"wave_measures\" WHERE $timeFilter\n",
          "rawQuery": true,
          "refId": "A",
          "resultFormat": "time_series"
        },
        {
          "datasource": {
            "type": "influxdb",
            "uid": "fejt2ykasra4ga"
          },
          "hide": false,
          "query": "SELECT \"depth\" FROM \"wave_measures\" WHERE $timeFilter\n",
          "rawQuery": true,
          "refId": "B",
          "resultFormat": "time_series"
        },
        {
          "datasource": {
            "type": "influxdb",
            "uid": "fejt2ykasra4ga"
          },
          "hide": false,
          "query": "SELECT \"frequency\" FROM \"wave_measures\" WHERE $timeFilter and \"frequency\" < 20\n",
          "rawQuery": true,
          "refId": "C",
          "resultFormat": "time_series"
        },
        {
          "datasource": {
            "type": "influxdb",
            "uid": "fejt2ykasra4ga"
          },
          "hide": false,
          "query": "SELECT \"time_period\" FROM \"wave_measures\" WHERE $timeFilter and \"time_period\" > 0.05\n",
          "rawQuery": true,
          "refId": "D",
          "resultFormat": "time_series"
        },
        {
          "datasource": {
            "type": "influxdb",
            "uid": "fejt2ykasra4ga"
          },
          "hide": false,
          "query": "SELECT \"wave_energy\" FROM \"wave_measures\" WHERE $timeFilter\n",
          "rawQuery": true,
          "refId": "E",
          "resultFormat": "time_series"
        },
        {
          "datasource": {
            "type": "influxdb",
            "uid": "fejt2ykasra4ga"
          },
          "hide": false,
          "query": "SELECT \"wave_velocity\" FROM \"wave_measures\" WHERE $timeFilter\n",
          "rawQuery": true,
          "refId": "F",
          "resultFormat": "time_series"
        }
      ],
      "title": "Panel Title",
      "type": "timeseries"
    }
  ],
  "preload": false,
  "schemaVersion": 41,
  "tags": [],
  "templating": {
    "list": []
  },
  "time": {
    "from": "2025-04-25T10:55:03.506Z",
    "to": "2025-04-25T10:56:06.980Z"
  },
  "timepicker": {},
  "timezone": "browser",
  "title": "OCF_1",
  "uid": "aejyz2bmcrda8c",
  "version": 6
}