{
    "name": "r2-sink-connector",
    "config": {
      "connector.class": "io.confluent.connect.s3.S3SinkConnector",
      "tasks.max": "1",
      "topics": "ocf_1",
      "s3.bucket.name": "ocf",
      "s3.region": "us-east-1",
      "s3.endpoint": "https://a20b9831493170d34487748dbd94271.r2.cloudflarestorage.com",
      "store.url": "https://a20b98314c93170d34487748dbd94271.r2.cloudflarestorage.com",
      "s3.part.size": "5242880",
      "flush.size": "6000",
      "rotate.interval.ms": "60000",
      "format.class": "io.confluent.connect.s3.format.json.JsonFormat",
      "storage.class": "io.confluent.connect.s3.storage.S3Storage",
      "aws.access.key.id": "a811c0f78fa56835515512cea11807f3",
      "aws.secret.access.key": "85a014753c5318672fc348abf2e748dc8a4b82485d12a3f5d8aee0f90bedbcba"
    }
  }
  